N_sample,Error
100,1.7123291077562406
300,7.036123240727125
500,2.0812765065302985
700,3.1990608915095673
900,3.3164347172475033
1100,2.769114727194466
