N_sample,Error
100,1.7122770166080958
300,7.038296652851542
500,2.081659424463914
700,3.2008215034581746
900,3.3168633466403086
1100,2.7691614949405263
